"ORDER-LINE","OL_I_ID",10,100000,0,0,0,0,0,8585
"ORDER-LINE","OL_I_ID",10,100000,0,0,0,0,0,7927
"ORDER-LINE","OL_I_ID",10,100000,0,0,0,0,0,7845
"ORDER-LINE","OL_I_ID",10,100000,0,0,0,0,0,7605
"ORDER-LINE","OL_I_ID",10,100000,0,0,0,0,0,8062
"ORDER-LINE","OL_I_ID",10,100000,0,1,0,0,7583,5645
"ORDER-LINE","OL_I_ID",10,100000,0,1,0,0,7583,5670
"ORDER-LINE","OL_I_ID",10,100000,0,1,0,0,7583,5608
"ORDER-LINE","OL_I_ID",10,100000,0,1,0,0,7583,5592
"ORDER-LINE","OL_I_ID",10,100000,0,1,0,0,7583,5568
"ORDER-LINE","OL_I_ID",10,100000,2,0,0,0,2083,4351
"ORDER-LINE","OL_I_ID",10,100000,2,0,0,0,2083,5270
"ORDER-LINE","OL_I_ID",10,100000,2,0,0,0,2083,4752
"ORDER-LINE","OL_I_ID",10,100000,2,0,0,0,2083,5204
"ORDER-LINE","OL_I_ID",10,100000,2,0,0,0,2083,4509
"ORDER-LINE","OL_I_ID",10,100000,2,1,0,0,9667,5524
"ORDER-LINE","OL_I_ID",10,100000,2,1,0,0,9667,5672
"ORDER-LINE","OL_I_ID",10,100000,2,1,0,0,9667,5524
"ORDER-LINE","OL_I_ID",10,100000,2,1,0,0,9667,5687
"ORDER-LINE","OL_I_ID",10,100000,2,1,0,0,9667,5583
"ORDER-LINE","OL_I_ID",10,100000,4,0,0,0,3094,4567
"ORDER-LINE","OL_I_ID",10,100000,4,0,0,0,3094,4619
"ORDER-LINE","OL_I_ID",10,100000,4,0,0,0,3094,4817
"ORDER-LINE","OL_I_ID",10,100000,4,0,0,0,3094,4942
"ORDER-LINE","OL_I_ID",10,100000,4,0,0,0,3094,4641
"ORDER-LINE","OL_I_ID",10,100000,4,1,0,0,10677,5486
"ORDER-LINE","OL_I_ID",10,100000,4,1,0,0,10677,5674
"ORDER-LINE","OL_I_ID",10,100000,4,1,0,0,10677,5487
"ORDER-LINE","OL_I_ID",10,100000,4,1,0,0,10677,5503
"ORDER-LINE","OL_I_ID",10,100000,4,1,0,0,10677,6307
"ORDER-LINE","OL_I_ID",10,100000,8,0,0,0,5115,4275
"ORDER-LINE","OL_I_ID",10,100000,8,0,0,0,5115,4789
"ORDER-LINE","OL_I_ID",10,100000,8,0,0,0,5115,4215
"ORDER-LINE","OL_I_ID",10,100000,8,0,0,0,5115,4142
"ORDER-LINE","OL_I_ID",10,100000,8,0,0,0,5115,3881
"ORDER-LINE","OL_I_ID",10,100000,8,1,0,0,12698,5692
"ORDER-LINE","OL_I_ID",10,100000,8,1,0,0,12698,5506
"ORDER-LINE","OL_I_ID",10,100000,8,1,0,0,12698,6251
"ORDER-LINE","OL_I_ID",10,100000,8,1,0,0,12698,6367
"ORDER-LINE","OL_I_ID",10,100000,8,1,0,0,12698,6296
"ORDER-LINE","OL_I_ID",10,100000,0,0,1,0,25711,106
"ORDER-LINE","OL_I_ID",10,100000,0,0,1,0,25711,74
"ORDER-LINE","OL_I_ID",10,100000,0,0,1,0,25711,74
"ORDER-LINE","OL_I_ID",10,100000,0,0,1,0,25711,77
"ORDER-LINE","OL_I_ID",10,100000,0,0,1,0,25711,88
"ORDER-LINE","OL_I_ID",10,100000,0,1,0,1,80415,3659
"ORDER-LINE","OL_I_ID",10,100000,0,1,0,1,80415,457
"ORDER-LINE","OL_I_ID",10,100000,0,1,0,1,80415,445
"ORDER-LINE","OL_I_ID",10,100000,0,1,0,1,80415,593
"ORDER-LINE","OL_I_ID",10,100000,0,1,0,1,80415,445
